row_idx,attack_ratio,seed_window_chars,n_bytes,clean_tokens,attacked_tokens,extra_token_count_in_traced,traced_tokens,tail_match_rate_over_traced,green_flip_rate_uid_cleanfp_vs_attackfp
0,0.0,18,3,161,161,0,128,1.0,0.0
1,0.0,18,3,163,163,0,128,1.0,0.0
2,0.0,18,3,157,157,0,127,1.0,0.0
3,0.0,18,3,151,151,0,128,1.0,0.0
4,0.0,18,3,157,157,0,128,1.0,0.0
5,0.0,18,3,152,152,0,128,1.0,0.0
6,0.0,18,3,158,158,0,128,1.0,0.0
7,0.0,18,3,155,155,0,128,1.0,0.0
8,0.0,18,3,152,152,0,128,1.0,0.0
9,0.0,18,3,159,159,0,128,1.0,0.0
10,0.0,18,3,152,152,0,128,1.0,0.0
11,0.0,18,3,153,153,0,128,1.0,0.0
12,0.0,18,3,153,153,0,128,1.0,0.0
13,0.0,18,3,155,155,0,128,1.0,0.0
14,0.0,18,3,152,152,0,128,1.0,0.0
15,0.0,18,3,154,154,0,128,1.0,0.0
16,0.0,18,3,155,155,0,128,1.0,0.0
17,0.0,18,3,154,154,0,128,1.0,0.0
18,0.0,18,3,155,155,0,128,1.0,0.0
19,0.0,18,3,154,154,0,128,1.0,0.0
20,0.0,18,3,159,159,0,128,1.0,0.0
21,0.0,18,3,159,159,0,128,1.0,0.0
22,0.0,18,3,163,163,0,128,1.0,0.0
23,0.0,18,3,152,152,0,128,1.0,0.0
24,0.0,18,3,155,155,0,128,1.0,0.0
25,0.0,18,3,152,152,0,128,1.0,0.0
26,0.0,18,3,153,153,0,128,1.0,0.0
27,0.0,18,3,156,156,0,128,1.0,0.0
28,0.0,18,3,151,151,0,128,1.0,0.0
29,0.0,18,3,153,153,0,128,1.0,0.0
30,0.0,18,3,154,154,0,128,1.0,0.0
31,0.0,18,3,152,152,0,128,1.0,0.0
32,0.0,18,3,161,161,0,128,1.0,0.0
33,0.0,18,3,155,155,0,128,1.0,0.0
34,0.0,18,3,158,158,0,128,1.0,0.0
35,0.0,18,3,157,157,0,128,1.0,0.0
36,0.0,18,3,155,155,0,128,1.0,0.0
37,0.0,18,3,154,154,0,128,1.0,0.0
38,0.0,18,3,154,154,0,128,1.0,0.0
39,0.0,18,3,173,173,0,127,1.0,0.0
40,0.0,18,3,158,158,0,128,1.0,0.0
41,0.0,18,3,162,162,0,128,1.0,0.0
42,0.0,18,3,157,157,0,128,1.0,0.0
43,0.0,18,3,154,154,0,128,1.0,0.0
44,0.0,18,3,151,151,0,128,1.0,0.0
45,0.0,18,3,153,153,0,128,1.0,0.0
46,0.0,18,3,157,157,0,128,1.0,0.0
47,0.0,18,3,153,153,0,128,1.0,0.0
48,0.0,18,3,155,155,0,128,1.0,0.0
49,0.0,18,3,158,158,0,128,1.0,0.0
50,0.0,18,3,156,156,0,128,1.0,0.0
51,0.0,18,3,153,153,0,128,1.0,0.0
52,0.0,18,3,158,158,0,128,1.0,0.0
53,0.0,18,3,159,159,0,128,1.0,0.0
54,0.0,18,3,154,154,0,128,1.0,0.0
55,0.0,18,3,164,164,0,128,1.0,0.0
56,0.0,18,3,150,150,0,128,1.0,0.0
57,0.0,18,3,156,156,0,128,1.0,0.0
58,0.0,18,3,155,155,0,128,1.0,0.0
59,0.0,18,3,152,152,0,128,1.0,0.0
60,0.0,18,3,160,160,0,128,1.0,0.0
61,0.0,18,3,154,154,0,128,1.0,0.0
62,0.0,18,3,167,167,0,128,1.0,0.0
63,0.0,18,3,152,152,0,128,1.0,0.0
64,0.0,18,3,154,154,0,128,1.0,0.0
65,0.0,18,3,157,157,0,128,1.0,0.0
66,0.0,18,3,158,158,0,128,1.0,0.0
67,0.0,18,3,154,154,0,128,1.0,0.0
68,0.0,18,3,161,161,0,128,1.0,0.0
69,0.0,18,3,154,154,0,128,1.0,0.0
70,0.0,18,3,151,151,0,127,1.0,0.0
71,0.0,18,3,160,160,0,128,1.0,0.0
72,0.0,18,3,151,151,0,128,1.0,0.0
73,0.0,18,3,157,157,0,128,1.0,0.0
74,0.0,18,3,154,154,0,128,1.0,0.0
75,0.0,18,3,156,156,0,128,1.0,0.0
76,0.0,18,3,152,152,0,128,1.0,0.0
77,0.0,18,3,156,156,0,128,1.0,0.0
78,0.0,18,3,152,152,0,128,1.0,0.0
79,0.0,18,3,155,155,0,128,1.0,0.0
80,0.0,18,3,154,154,0,128,1.0,0.0
81,0.0,18,3,152,152,0,128,1.0,0.0
82,0.0,18,3,153,153,0,128,1.0,0.0
83,0.0,18,3,155,155,0,128,1.0,0.0
84,0.0,18,3,154,154,0,128,1.0,0.0
85,0.0,18,3,164,164,0,127,1.0,0.0
86,0.0,18,3,152,152,0,128,1.0,0.0
87,0.0,18,3,156,156,0,128,1.0,0.0
88,0.0,18,3,156,156,0,128,1.0,0.0
89,0.0,18,3,160,160,0,128,1.0,0.0
90,0.0,18,3,156,156,0,128,1.0,0.0
91,0.0,18,3,150,150,0,128,1.0,0.0
92,0.0,18,3,155,155,0,128,1.0,0.0
93,0.0,18,3,164,164,0,128,1.0,0.0
94,0.0,18,3,155,155,0,128,1.0,0.0
95,0.0,18,3,156,156,0,128,1.0,0.0
96,0.0,18,3,154,154,0,128,1.0,0.0
97,0.0,18,3,157,157,0,128,1.0,0.0
98,0.0,18,3,153,153,0,128,1.0,0.0
99,0.0,18,3,154,154,0,128,1.0,0.0
100,0.0,18,3,161,161,0,128,1.0,0.0
101,0.0,18,3,152,152,0,128,1.0,0.0
102,0.0,18,3,155,155,0,128,1.0,0.0
103,0.0,18,3,156,156,0,128,1.0,0.0
104,0.0,18,3,159,159,0,128,1.0,0.0
105,0.0,18,3,165,165,0,128,1.0,0.0
106,0.0,18,3,151,151,0,128,1.0,0.0
107,0.0,18,3,160,160,0,128,1.0,0.0
108,0.0,18,3,153,153,0,128,1.0,0.0
109,0.0,18,3,155,155,0,128,1.0,0.0
110,0.0,18,3,156,156,0,128,1.0,0.0
111,0.0,18,3,160,160,0,128,1.0,0.0
112,0.0,18,3,160,160,0,128,1.0,0.0
113,0.0,18,3,152,152,0,128,1.0,0.0
114,0.0,18,3,160,160,0,128,1.0,0.0
115,0.0,18,3,152,152,0,128,1.0,0.0
116,0.0,18,3,159,159,0,127,1.0,0.0
117,0.0,18,3,167,167,0,128,1.0,0.0
118,0.0,18,3,153,153,0,128,1.0,0.0
119,0.0,18,3,159,159,0,128,1.0,0.0
120,0.0,18,3,155,155,0,128,1.0,0.0
121,0.0,18,3,153,153,0,128,1.0,0.0
122,0.0,18,3,154,154,0,128,1.0,0.0
123,0.0,18,3,161,161,0,128,1.0,0.0
124,0.0,18,3,158,158,0,128,1.0,0.0
125,0.0,18,3,157,157,0,128,1.0,0.0
126,0.0,18,3,155,155,0,128,1.0,0.0
127,0.0,18,3,156,156,0,128,1.0,0.0
128,0.0,18,3,158,158,0,128,1.0,0.0
129,0.0,18,3,155,155,0,128,1.0,0.0
130,0.0,18,3,156,156,0,128,1.0,0.0
131,0.0,18,3,153,153,0,128,1.0,0.0
132,0.0,18,3,158,158,0,128,1.0,0.0
133,0.0,18,3,158,158,0,128,1.0,0.0
134,0.0,18,3,151,151,0,128,1.0,0.0
135,0.0,18,3,157,157,0,128,1.0,0.0
136,0.0,18,3,157,157,0,128,1.0,0.0
137,0.0,18,3,153,153,0,128,1.0,0.0
138,0.0,18,3,153,153,0,128,1.0,0.0
139,0.0,18,3,158,158,0,127,1.0,0.0
140,0.0,18,3,154,154,0,128,1.0,0.0
141,0.0,18,3,152,152,0,128,1.0,0.0
142,0.0,18,3,157,157,0,128,1.0,0.0
143,0.0,18,3,156,156,0,128,1.0,0.0
144,0.0,18,3,153,153,0,128,1.0,0.0
145,0.0,18,3,153,153,0,128,1.0,0.0
146,0.0,18,3,152,152,0,124,1.0,0.0
147,0.0,18,3,154,154,0,128,1.0,0.0
148,0.0,18,3,153,153,0,128,1.0,0.0
149,0.0,18,3,154,154,0,128,1.0,0.0
150,0.0,18,3,153,153,0,128,1.0,0.0
151,0.0,18,3,156,156,0,128,1.0,0.0
152,0.0,18,3,159,159,0,128,1.0,0.0
153,0.0,18,3,153,153,0,128,1.0,0.0
154,0.0,18,3,154,154,0,128,1.0,0.0
155,0.0,18,3,153,153,0,128,1.0,0.0
156,0.0,18,3,154,154,0,128,1.0,0.0
157,0.0,18,3,164,164,0,128,1.0,0.0
158,0.0,18,3,162,162,0,128,1.0,0.0
159,0.0,18,3,154,154,0,128,1.0,0.0
160,0.0,18,3,154,154,0,128,1.0,0.0
161,0.0,18,3,154,154,0,128,1.0,0.0
162,0.0,18,3,155,155,0,128,1.0,0.0
163,0.0,18,3,168,168,0,128,1.0,0.0
164,0.0,18,3,155,155,0,128,1.0,0.0
165,0.0,18,3,155,155,0,128,1.0,0.0
166,0.0,18,3,159,159,0,128,1.0,0.0
167,0.0,18,3,155,155,0,128,1.0,0.0
168,0.0,18,3,155,155,0,128,1.0,0.0
169,0.0,18,3,153,153,0,128,1.0,0.0
170,0.0,18,3,152,152,0,128,1.0,0.0
171,0.0,18,3,160,160,0,128,1.0,0.0
172,0.0,18,3,155,155,0,128,1.0,0.0
173,0.0,18,3,159,159,0,128,1.0,0.0
174,0.0,18,3,153,153,0,128,1.0,0.0
175,0.0,18,3,152,152,0,128,1.0,0.0
176,0.0,18,3,152,152,0,128,1.0,0.0
177,0.0,18,3,155,155,0,128,1.0,0.0
178,0.0,18,3,172,172,0,128,1.0,0.0
179,0.0,18,3,175,175,0,128,1.0,0.0
180,0.0,18,3,160,160,0,128,1.0,0.0
181,0.0,18,3,154,154,0,128,1.0,0.0
182,0.0,18,3,158,158,0,128,1.0,0.0
183,0.0,18,3,154,154,0,128,1.0,0.0
184,0.0,18,3,161,161,0,128,1.0,0.0
185,0.0,18,3,157,157,0,128,1.0,0.0
186,0.0,18,3,152,152,0,128,1.0,0.0
187,0.0,18,3,161,161,0,128,1.0,0.0
188,0.0,18,3,155,155,0,128,1.0,0.0
189,0.0,18,3,153,153,0,128,1.0,0.0
190,0.0,18,3,159,159,0,128,1.0,0.0
191,0.0,18,3,150,150,0,128,1.0,0.0
192,0.0,18,3,155,155,0,127,1.0,0.0
193,0.0,18,3,154,154,0,128,1.0,0.0
194,0.0,18,3,158,158,0,128,1.0,0.0
195,0.0,18,3,152,152,0,128,1.0,0.0
196,0.0,18,3,163,163,0,128,1.0,0.0
197,0.0,18,3,152,152,0,128,1.0,0.0
198,0.0,18,3,158,158,0,128,1.0,0.0
199,0.0,18,3,158,158,0,128,1.0,0.0
0,0.01,18,3,161,171,11,138,0.8188405797101449,0.007246376811594203
1,0.01,18,3,163,166,4,131,0.8396946564885496,0.0
2,0.01,18,3,157,166,9,136,0.8161764705882353,0.022058823529411766
3,0.01,18,3,151,162,11,139,0.762589928057554,0.02158273381294964
4,0.01,18,3,157,172,15,143,0.7692307692307693,0.006993006993006993
5,0.01,18,3,152,159,7,135,0.7925925925925926,0.014814814814814815
6,0.01,18,3,158,167,9,137,0.7956204379562044,0.0
7,0.01,18,3,155,168,15,141,0.7659574468085106,0.014184397163120567
8,0.01,18,3,152,155,4,131,0.8549618320610687,0.015267175572519083
9,0.01,18,3,159,163,4,132,0.8560606060606061,0.015151515151515152
10,0.01,18,3,152,162,10,138,0.8188405797101449,0.014492753623188406
11,0.01,18,3,153,166,13,141,0.8085106382978723,0.0070921985815602835
12,0.01,18,3,153,167,14,142,0.7746478873239436,0.04225352112676056
13,0.01,18,3,155,166,11,139,0.7913669064748201,0.014388489208633094
14,0.01,18,3,152,162,10,138,0.8188405797101449,0.014492753623188406
15,0.01,18,3,154,163,10,137,0.8175182481751825,0.014598540145985401
16,0.01,18,3,155,163,8,136,0.8161764705882353,0.0
17,0.01,18,3,154,166,12,140,0.8357142857142857,0.02857142857142857
18,0.01,18,3,155,166,11,139,0.8057553956834532,0.02158273381294964
19,0.01,18,3,154,166,12,140,0.8285714285714286,0.014285714285714285
20,0.01,18,3,159,171,12,140,0.7928571428571428,0.02142857142857143
21,0.01,18,3,159,169,10,138,0.8043478260869565,0.0
22,0.01,18,3,163,172,9,137,0.8175182481751825,0.014598540145985401
23,0.01,18,3,152,165,13,141,0.7801418439716312,0.0070921985815602835
24,0.01,18,3,155,163,9,136,0.8014705882352942,0.0
25,0.01,18,3,152,164,12,140,0.7785714285714286,0.007142857142857143
26,0.01,18,3,153,164,11,139,0.8129496402877698,0.0
27,0.01,18,3,156,166,10,138,0.8043478260869565,0.0
28,0.01,18,3,151,160,9,137,0.8175182481751825,0.021897810218978103
29,0.01,18,3,153,165,12,140,0.8071428571428572,0.007142857142857143
30,0.01,18,3,154,164,11,138,0.8478260869565217,0.021739130434782608
31,0.01,18,3,152,165,13,141,0.7730496453900709,0.0425531914893617
32,0.01,18,3,161,165,5,132,0.8106060606060606,0.030303030303030304
33,0.01,18,3,155,160,5,133,0.8195488721804511,0.0
34,0.01,18,3,158,167,9,137,0.8175182481751825,0.021897810218978103
35,0.01,18,3,157,167,10,138,0.8188405797101449,0.021739130434782608
36,0.01,18,3,155,164,9,137,0.8102189781021898,0.021897810218978103
37,0.01,18,3,154,165,11,139,0.7913669064748201,0.02158273381294964
38,0.01,18,3,154,163,10,137,0.8248175182481752,0.021897810218978103
39,0.01,18,3,173,181,8,135,0.837037037037037,0.022222222222222223
40,0.01,18,3,158,163,7,133,0.8345864661654135,0.022556390977443608
41,0.01,18,3,162,167,5,133,0.7894736842105263,0.022556390977443608
42,0.01,18,3,157,170,13,141,0.8085106382978723,0.0070921985815602835
43,0.01,18,3,154,164,10,138,0.7971014492753623,0.028985507246376812
44,0.01,18,3,151,161,11,138,0.7681159420289855,0.014492753623188406
45,0.01,18,3,153,164,11,139,0.8057553956834532,0.0
46,0.01,18,3,157,163,7,134,0.8134328358208955,0.0
47,0.01,18,3,153,167,14,142,0.823943661971831,0.028169014084507043
48,0.01,18,3,155,161,8,134,0.8208955223880597,0.007462686567164179
49,0.01,18,3,158,171,13,141,0.8014184397163121,0.0070921985815602835
50,0.01,18,3,156,167,11,139,0.8129496402877698,0.007194244604316547
51,0.01,18,3,153,163,10,138,0.8115942028985508,0.007246376811594203
52,0.01,18,3,158,163,5,133,0.849624060150376,0.022556390977443608
53,0.01,18,3,159,169,10,138,0.7681159420289855,0.021739130434782608
54,0.01,18,3,154,165,11,139,0.7985611510791367,0.007194244604316547
55,0.01,18,3,164,173,10,137,0.8248175182481752,0.0072992700729927005
56,0.01,18,3,150,157,7,135,0.8,0.022222222222222223
57,0.01,18,3,156,162,6,134,0.8208955223880597,0.022388059701492536
58,0.01,18,3,155,166,13,139,0.8129496402877698,0.007194244604316547
59,0.01,18,3,152,161,9,137,0.8467153284671532,0.029197080291970802
60,0.01,18,3,160,166,7,134,0.7835820895522388,0.022388059701492536
61,0.01,18,3,154,164,10,138,0.8043478260869565,0.021739130434782608
62,0.01,18,3,167,174,7,135,0.8074074074074075,0.037037037037037035
63,0.01,18,3,152,164,13,140,0.7714285714285715,0.014285714285714285
64,0.01,18,3,154,164,10,138,0.8043478260869565,0.014492753623188406
65,0.01,18,3,157,170,13,141,0.7872340425531915,0.02127659574468085
66,0.01,18,3,158,165,7,135,0.762962962962963,0.007407407407407408
67,0.01,18,3,154,167,13,141,0.7872340425531915,0.028368794326241134
68,0.01,18,3,161,167,6,134,0.7910447761194029,0.022388059701492536
69,0.01,18,3,154,165,12,139,0.762589928057554,0.007194244604316547
70,0.01,18,3,151,163,12,139,0.7985611510791367,0.02158273381294964
71,0.01,18,3,160,165,7,133,0.8045112781954887,0.015037593984962405
72,0.01,18,3,151,163,13,140,0.8214285714285714,0.014285714285714285
73,0.01,18,3,157,168,11,139,0.7913669064748201,0.014388489208633094
74,0.01,18,3,154,164,10,138,0.7898550724637681,0.0
75,0.01,18,3,156,166,10,138,0.8115942028985508,0.014492753623188406
76,0.01,18,3,152,161,9,137,0.8175182481751825,0.0072992700729927005
77,0.01,18,3,156,169,13,141,0.8226950354609929,0.0070921985815602835
78,0.01,18,3,152,163,11,139,0.7985611510791367,0.02158273381294964
79,0.01,18,3,155,163,8,136,0.8088235294117647,0.014705882352941176
80,0.01,18,3,154,165,13,139,0.8057553956834532,0.02877697841726619
81,0.01,18,3,152,163,11,139,0.8273381294964028,0.014388489208633094
82,0.01,18,3,153,161,10,136,0.7867647058823529,0.022058823529411766
83,0.01,18,3,155,170,15,143,0.8181818181818182,0.013986013986013986
84,0.01,18,3,154,162,8,136,0.7720588235294118,0.029411764705882353
85,0.01,18,3,164,173,10,136,0.7867647058823529,0.014705882352941176
86,0.01,18,3,152,165,13,141,0.7872340425531915,0.0070921985815602835
87,0.01,18,3,156,161,6,133,0.7218045112781954,0.03007518796992481
88,0.01,18,3,156,168,12,140,0.8142857142857143,0.02857142857142857
89,0.01,18,3,160,170,10,138,0.8623188405797102,0.007246376811594203
90,0.01,18,3,156,166,10,138,0.7681159420289855,0.036231884057971016
91,0.01,18,3,150,160,10,138,0.8405797101449275,0.036231884057971016
92,0.01,18,3,155,165,11,138,0.8478260869565217,0.007246376811594203
93,0.01,18,3,164,174,10,138,0.7681159420289855,0.014492753623188406
94,0.01,18,3,155,164,10,137,0.8175182481751825,0.0072992700729927005
95,0.01,18,3,156,163,7,135,0.762962962962963,0.022222222222222223
96,0.01,18,3,154,171,17,145,0.8,0.020689655172413793
97,0.01,18,3,157,170,13,141,0.7730496453900709,0.0070921985815602835
98,0.01,18,3,153,161,8,136,0.8382352941176471,0.0
99,0.01,18,3,154,163,9,137,0.7883211678832117,0.0072992700729927005
100,0.01,18,3,161,168,7,135,0.8666666666666667,0.0
101,0.01,18,3,152,159,8,135,0.8074074074074075,0.014814814814814815
102,0.01,18,3,155,164,9,137,0.8321167883211679,0.029197080291970802
103,0.01,18,3,156,168,13,140,0.7785714285714286,0.03571428571428571
104,0.01,18,3,159,173,14,142,0.7605633802816901,0.007042253521126761
105,0.01,18,3,165,174,9,137,0.7883211678832117,0.029197080291970802
106,0.01,18,3,151,161,10,138,0.8405797101449275,0.014492753623188406
107,0.01,18,3,160,172,12,140,0.8,0.007142857142857143
108,0.01,18,3,153,164,11,139,0.7985611510791367,0.03597122302158273
109,0.01,18,3,155,164,9,137,0.8029197080291971,0.014598540145985401
110,0.01,18,3,156,166,10,138,0.7971014492753623,0.007246376811594203
111,0.01,18,3,160,171,11,139,0.8057553956834532,0.03597122302158273
112,0.01,18,3,160,166,6,134,0.8134328358208955,0.007462686567164179
113,0.01,18,3,152,164,12,140,0.8142857142857143,0.02857142857142857
114,0.01,18,3,160,170,12,138,0.8188405797101449,0.0
115,0.01,18,3,152,164,12,140,0.8142857142857143,0.02142857142857143
116,0.01,18,3,159,171,12,139,0.7985611510791367,0.014388489208633094
117,0.01,18,3,167,181,15,142,0.7887323943661971,0.007042253521126761
118,0.01,18,3,153,159,6,134,0.8059701492537313,0.007462686567164179
119,0.01,18,3,159,167,8,136,0.7794117647058824,0.014705882352941176
120,0.01,18,3,155,163,8,136,0.8088235294117647,0.029411764705882353
121,0.01,18,3,153,165,13,140,0.7928571428571428,0.014285714285714285
122,0.01,18,3,154,163,9,137,0.8321167883211679,0.021897810218978103
123,0.01,18,3,161,167,6,134,0.8134328358208955,0.014925373134328358
124,0.01,18,3,158,170,12,140,0.85,0.02142857142857143
125,0.01,18,3,157,167,10,138,0.7536231884057971,0.021739130434782608
126,0.01,18,3,155,164,9,137,0.8394160583941606,0.021897810218978103
127,0.01,18,3,156,166,10,138,0.7608695652173914,0.036231884057971016
128,0.01,18,3,158,170,12,140,0.8071428571428572,0.014285714285714285
129,0.01,18,3,155,163,8,136,0.8014705882352942,0.022058823529411766
130,0.01,18,3,156,161,5,133,0.8646616541353384,0.007518796992481203
131,0.01,18,3,153,168,16,143,0.7972027972027972,0.006993006993006993
132,0.01,18,3,158,169,11,139,0.7985611510791367,0.007194244604316547
133,0.01,18,3,158,168,10,138,0.7681159420289855,0.028985507246376812
134,0.01,18,3,151,166,15,143,0.8181818181818182,0.006993006993006993
135,0.01,18,3,157,166,9,137,0.7883211678832117,0.021897810218978103
136,0.01,18,3,157,164,9,135,0.7925925925925926,0.02962962962962963
137,0.01,18,3,153,172,19,147,0.7687074829931972,0.013605442176870748
138,0.01,18,3,153,160,7,135,0.7703703703703704,0.037037037037037035
139,0.01,18,3,158,166,8,135,0.8,0.022222222222222223
140,0.01,18,3,154,161,7,135,0.8518518518518519,0.0
141,0.01,18,3,152,164,12,140,0.8071428571428572,0.02857142857142857
142,0.01,18,3,157,168,11,139,0.7697841726618705,0.02877697841726619
143,0.01,18,3,156,169,13,141,0.7588652482269503,0.02127659574468085
144,0.01,18,3,153,163,10,138,0.7971014492753623,0.021739130434782608
145,0.01,18,3,153,159,6,134,0.8134328358208955,0.0
146,0.01,18,3,152,157,6,129,0.8449612403100775,0.031007751937984496
147,0.01,18,3,154,165,12,139,0.8057553956834532,0.02158273381294964
148,0.01,18,3,153,161,8,136,0.8382352941176471,0.014705882352941176
149,0.01,18,3,154,167,13,141,0.8226950354609929,0.014184397163120567
150,0.01,18,3,153,164,11,139,0.7697841726618705,0.02158273381294964
151,0.01,18,3,156,168,12,140,0.8142857142857143,0.0
152,0.01,18,3,159,170,11,139,0.8129496402877698,0.02158273381294964
153,0.01,18,3,153,161,8,136,0.8088235294117647,0.007352941176470588
154,0.01,18,3,154,165,11,139,0.8345323741007195,0.014388489208633094
155,0.01,18,3,153,166,13,141,0.8156028368794326,0.0070921985815602835
156,0.01,18,3,154,161,8,135,0.7703703703703704,0.007407407407407408
157,0.01,18,3,164,173,10,137,0.8029197080291971,0.021897810218978103
158,0.01,18,3,162,170,8,136,0.8235294117647058,0.0
159,0.01,18,3,154,172,18,146,0.7876712328767124,0.0136986301369863
160,0.01,18,3,154,166,12,140,0.8,0.02142857142857143
161,0.01,18,3,154,166,12,140,0.8071428571428572,0.014285714285714285
162,0.01,18,3,155,163,8,136,0.8382352941176471,0.0
163,0.01,18,3,168,174,6,134,0.8059701492537313,0.022388059701492536
164,0.01,18,3,155,161,6,134,0.8134328358208955,0.007462686567164179
165,0.01,18,3,155,162,7,135,0.7925925925925926,0.014814814814814815
166,0.01,18,3,159,169,10,138,0.8405797101449275,0.021739130434782608
167,0.01,18,3,155,169,15,142,0.7816901408450704,0.007042253521126761
168,0.01,18,3,155,165,10,138,0.8260869565217391,0.0
169,0.01,18,3,153,161,8,136,0.7794117647058824,0.0
170,0.01,18,3,152,162,10,138,0.8043478260869565,0.014492753623188406
171,0.01,18,3,160,169,9,137,0.8102189781021898,0.014598540145985401
172,0.01,18,3,155,166,12,139,0.7985611510791367,0.007194244604316547
173,0.01,18,3,159,165,6,134,0.8283582089552238,0.014925373134328358
174,0.01,18,3,153,160,7,135,0.8222222222222222,0.014814814814814815
175,0.01,18,3,152,160,8,136,0.7867647058823529,0.022058823529411766
176,0.01,18,3,152,160,8,136,0.8529411764705882,0.014705882352941176
177,0.01,18,3,155,160,7,133,0.8270676691729323,0.03007518796992481
178,0.01,18,3,172,174,4,130,0.9230769230769231,0.0
179,0.01,18,3,175,178,5,131,0.7633587786259542,0.022900763358778626
180,0.01,18,3,160,170,11,138,0.8043478260869565,0.014492753623188406
181,0.01,18,3,154,163,9,137,0.8175182481751825,0.0
182,0.01,18,3,158,167,9,137,0.8029197080291971,0.021897810218978103
183,0.01,18,3,154,166,13,140,0.8214285714285714,0.007142857142857143
184,0.01,18,3,161,169,8,136,0.8235294117647058,0.022058823529411766
185,0.01,18,3,157,167,11,138,0.8405797101449275,0.007246376811594203
186,0.01,18,3,152,164,12,140,0.7642857142857142,0.007142857142857143
187,0.01,18,3,161,167,6,134,0.7835820895522388,0.007462686567164179
188,0.01,18,3,155,167,12,140,0.8285714285714286,0.02142857142857143
189,0.01,18,3,153,162,11,137,0.7737226277372263,0.0072992700729927005
190,0.01,18,3,159,166,7,135,0.8,0.007407407407407408
191,0.01,18,3,150,160,10,138,0.8043478260869565,0.021739130434782608
192,0.01,18,3,155,164,9,136,0.8161764705882353,0.007352941176470588
193,0.01,18,3,154,163,9,137,0.8467153284671532,0.0072992700729927005
194,0.01,18,3,158,170,12,140,0.7857142857142857,0.014285714285714285
195,0.01,18,3,152,160,9,136,0.8088235294117647,0.022058823529411766
196,0.01,18,3,163,174,11,139,0.8345323741007195,0.02877697841726619
197,0.01,18,3,152,167,15,143,0.8181818181818182,0.013986013986013986
198,0.01,18,3,158,165,7,135,0.7333333333333333,0.007407407407407408
199,0.01,18,3,158,167,9,137,0.7883211678832117,0.0364963503649635
0,0.02,18,3,161,176,16,143,0.6993006993006993,0.013986013986013986
1,0.02,18,3,163,173,11,138,0.7101449275362319,0.014492753623188406
2,0.02,18,3,157,177,20,147,0.6530612244897959,0.047619047619047616
3,0.02,18,3,151,171,20,148,0.6486486486486487,0.02702702702702703
4,0.02,18,3,157,184,27,155,0.6645161290322581,0.012903225806451613
5,0.02,18,3,152,168,16,144,0.6388888888888888,0.027777777777777776
6,0.02,18,3,158,177,20,147,0.6870748299319728,0.006802721088435374
7,0.02,18,3,155,183,30,156,0.6410256410256411,0.03205128205128205
8,0.02,18,3,152,162,11,138,0.6811594202898551,0.043478260869565216
9,0.02,18,3,159,167,8,136,0.7426470588235294,0.04411764705882353
10,0.02,18,3,152,173,22,149,0.6778523489932886,0.026845637583892617
11,0.02,18,3,153,175,22,150,0.6933333333333334,0.013333333333333334
12,0.02,18,3,153,179,26,154,0.6168831168831169,0.05194805194805195
13,0.02,18,3,155,176,22,149,0.6510067114093959,0.026845637583892617
14,0.02,18,3,152,172,21,148,0.6486486486486487,0.033783783783783786
15,0.02,18,3,154,173,20,147,0.673469387755102,0.02040816326530612
16,0.02,18,3,155,172,18,145,0.6758620689655173,0.034482758620689655
17,0.02,18,3,154,179,25,153,0.6405228758169934,0.026143790849673203
18,0.02,18,3,155,177,23,150,0.66,0.02666666666666667
19,0.02,18,3,154,176,22,150,0.66,0.03333333333333333
20,0.02,18,3,159,177,18,146,0.6438356164383562,0.0410958904109589
21,0.02,18,3,159,180,21,149,0.6845637583892618,0.020134228187919462
22,0.02,18,3,163,176,14,141,0.6524822695035462,0.03546099290780142
23,0.02,18,3,152,173,21,149,0.6845637583892618,0.040268456375838924
24,0.02,18,3,155,175,21,148,0.6621621621621622,0.02702702702702703
25,0.02,18,3,152,177,25,153,0.5882352941176471,0.0196078431372549
26,0.02,18,3,153,177,25,152,0.6381578947368421,0.019736842105263157
27,0.02,18,3,156,178,22,150,0.6533333333333333,0.02
28,0.02,18,3,151,168,17,145,0.6620689655172414,0.04827586206896552
29,0.02,18,3,153,175,22,150,0.6466666666666666,0.0
30,0.02,18,3,154,170,18,144,0.6805555555555556,0.034722222222222224
31,0.02,18,3,152,174,22,150,0.6266666666666667,0.08666666666666667
32,0.02,18,3,161,171,12,138,0.644927536231884,0.043478260869565216
33,0.02,18,3,155,166,12,139,0.7050359712230215,0.02158273381294964
34,0.02,18,3,158,186,28,156,0.6474358974358975,0.05128205128205128
35,0.02,18,3,157,178,21,149,0.6912751677852349,0.04697986577181208
36,0.02,18,3,155,172,17,145,0.6206896551724138,0.020689655172413793
37,0.02,18,3,154,175,21,149,0.6241610738255033,0.020134228187919462
38,0.02,18,3,154,172,19,146,0.6438356164383562,0.0410958904109589
39,0.02,18,3,173,189,16,143,0.6853146853146853,0.04195804195804196
40,0.02,18,3,158,172,16,142,0.6971830985915493,0.02112676056338028
41,0.02,18,3,162,174,12,140,0.6428571428571429,0.02857142857142857
42,0.02,18,3,157,179,22,150,0.6066666666666667,0.02666666666666667
43,0.02,18,3,154,175,21,149,0.6375838926174496,0.026845637583892617
44,0.02,18,3,151,175,25,152,0.6052631578947368,0.03289473684210526
45,0.02,18,3,153,176,23,151,0.6423841059602649,0.0
46,0.02,18,3,157,172,16,143,0.6223776223776224,0.013986013986013986
47,0.02,18,3,153,180,27,155,0.6645161290322581,0.03870967741935484
48,0.02,18,3,155,168,16,141,0.6595744680851063,0.02127659574468085
49,0.02,18,3,158,179,21,149,0.6577181208053692,0.013422818791946308
50,0.02,18,3,156,174,19,146,0.6643835616438356,0.00684931506849315
51,0.02,18,3,153,172,19,147,0.673469387755102,0.02040816326530612
52,0.02,18,3,158,170,12,140,0.7,0.02142857142857143
53,0.02,18,3,159,177,18,146,0.6438356164383562,0.0547945205479452
54,0.02,18,3,154,176,22,150,0.66,0.02666666666666667
55,0.02,18,3,164,183,20,147,0.6802721088435374,0.013605442176870748
56,0.02,18,3,150,168,18,146,0.6917808219178082,0.03424657534246575
57,0.02,18,3,156,172,16,144,0.625,0.041666666666666664
58,0.02,18,3,155,176,23,149,0.6510067114093959,0.03355704697986577
59,0.02,18,3,152,171,19,147,0.7006802721088435,0.034013605442176874
60,0.02,18,3,160,174,16,142,0.5985915492957746,0.035211267605633804
61,0.02,18,3,154,171,18,145,0.6620689655172414,0.034482758620689655
62,0.02,18,3,167,178,13,139,0.6618705035971223,0.03597122302158273
63,0.02,18,3,152,174,24,150,0.64,0.03333333333333333
64,0.02,18,3,154,179,26,153,0.6470588235294118,0.0196078431372549
65,0.02,18,3,157,183,26,154,0.6558441558441559,0.01948051948051948
66,0.02,18,3,158,169,12,139,0.60431654676259,0.04316546762589928
67,0.02,18,3,154,179,25,153,0.6013071895424836,0.0457516339869281
68,0.02,18,3,161,176,15,143,0.6573426573426573,0.013986013986013986
69,0.02,18,3,154,175,22,149,0.6308724832214765,0.026845637583892617
70,0.02,18,3,151,173,22,149,0.6040268456375839,0.03355704697986577
71,0.02,18,3,160,176,19,144,0.6597222222222222,0.041666666666666664
72,0.02,18,3,151,171,21,148,0.722972972972973,0.02702702702702703
73,0.02,18,3,157,180,23,151,0.6490066225165563,0.039735099337748346
74,0.02,18,3,154,174,20,148,0.6621621621621622,0.02027027027027027
75,0.02,18,3,156,174,18,146,0.6438356164383562,0.0136986301369863
76,0.02,18,3,152,169,18,145,0.6620689655172414,0.013793103448275862
77,0.02,18,3,156,181,26,153,0.6928104575163399,0.013071895424836602
78,0.02,18,3,152,173,21,149,0.610738255033557,0.03355704697986577
79,0.02,18,3,155,172,17,145,0.6551724137931034,0.041379310344827586
80,0.02,18,3,154,177,25,151,0.6291390728476821,0.052980132450331126
81,0.02,18,3,152,173,23,149,0.6711409395973155,0.020134228187919462
82,0.02,18,3,153,171,20,146,0.6575342465753424,0.0136986301369863
83,0.02,18,3,155,179,24,152,0.6907894736842105,0.02631578947368421
84,0.02,18,3,154,169,16,143,0.6573426573426573,0.03496503496503497
85,0.02,18,3,164,179,16,142,0.6338028169014085,0.04929577464788732
86,0.02,18,3,152,173,23,149,0.6241610738255033,0.026845637583892617
87,0.02,18,3,156,167,13,139,0.5971223021582733,0.04316546762589928
88,0.02,18,3,156,182,26,154,0.6558441558441559,0.03896103896103896
89,0.02,18,3,160,180,20,148,0.7027027027027027,0.04054054054054054
90,0.02,18,3,156,176,20,148,0.5945945945945946,0.04054054054054054
91,0.02,18,3,150,172,22,150,0.6466666666666666,0.02666666666666667
92,0.02,18,3,155,173,19,146,0.7191780821917808,0.02054794520547945
93,0.02,18,3,164,180,17,144,0.6319444444444444,0.020833333333333332
94,0.02,18,3,155,178,24,151,0.6622516556291391,0.033112582781456956
95,0.02,18,3,156,167,12,139,0.6546762589928058,0.03597122302158273
96,0.02,18,3,154,184,30,158,0.6392405063291139,0.03164556962025317
97,0.02,18,3,157,175,19,146,0.6301369863013698,0.0273972602739726
98,0.02,18,3,153,174,21,149,0.6510067114093959,0.006711409395973154
99,0.02,18,3,154,174,20,148,0.6486486486486487,0.02027027027027027
100,0.02,18,3,161,174,14,141,0.7021276595744681,0.0
101,0.02,18,3,152,166,15,142,0.6690140845070423,0.035211267605633804
102,0.02,18,3,155,172,17,145,0.696551724137931,0.041379310344827586
103,0.02,18,3,156,175,21,147,0.6598639455782312,0.027210884353741496
104,0.02,18,3,159,180,21,149,0.6442953020134228,0.020134228187919462
105,0.02,18,3,165,181,16,144,0.7013888888888888,0.034722222222222224
106,0.02,18,3,151,169,18,146,0.6712328767123288,0.0273972602739726
107,0.02,18,3,160,183,23,151,0.6291390728476821,0.019867549668874173
108,0.02,18,3,153,176,23,151,0.6556291390728477,0.052980132450331126
109,0.02,18,3,155,174,19,147,0.6530612244897959,0.02040816326530612
110,0.02,18,3,156,173,17,145,0.6482758620689655,0.013793103448275862
111,0.02,18,3,160,180,22,148,0.6756756756756757,0.033783783783783786
112,0.02,18,3,160,172,14,140,0.6928571428571428,0.0
113,0.02,18,3,152,175,23,151,0.6423841059602649,0.052980132450331126
114,0.02,18,3,160,181,23,149,0.6711409395973155,0.0
115,0.02,18,3,152,177,25,153,0.6405228758169934,0.026143790849673203
116,0.02,18,3,159,184,25,152,0.6578947368421053,0.046052631578947366
117,0.02,18,3,167,193,30,154,0.6298701298701299,0.025974025974025976
118,0.02,18,3,153,167,15,142,0.6901408450704225,0.014084507042253521
119,0.02,18,3,159,177,18,146,0.5821917808219178,0.0410958904109589
120,0.02,18,3,155,170,15,143,0.7132867132867133,0.03496503496503497
121,0.02,18,3,153,174,23,149,0.6577181208053692,0.006711409395973154
122,0.02,18,3,154,175,21,149,0.6308724832214765,0.040268456375838924
123,0.02,18,3,161,176,16,143,0.6713286713286714,0.027972027972027972
124,0.02,18,3,158,180,22,150,0.7066666666666667,0.05333333333333334
125,0.02,18,3,157,178,21,149,0.5838926174496645,0.026845637583892617
126,0.02,18,3,155,173,18,146,0.6643835616438356,0.04794520547945205
127,0.02,18,3,156,175,19,147,0.6054421768707483,0.04081632653061224
128,0.02,18,3,158,182,24,152,0.6710526315789473,0.03289473684210526
129,0.02,18,3,155,171,16,144,0.6736111111111112,0.034722222222222224
130,0.02,18,3,156,171,15,143,0.6993006993006993,0.03496503496503497
131,0.02,18,3,153,180,28,155,0.6193548387096774,0.01935483870967742
132,0.02,18,3,158,178,20,148,0.6216216216216216,0.013513513513513514
133,0.02,18,3,158,177,19,147,0.5918367346938775,0.047619047619047616
134,0.02,18,3,151,174,24,151,0.6688741721854304,0.033112582781456956
135,0.02,18,3,157,171,14,142,0.676056338028169,0.028169014084507043
136,0.02,18,3,157,173,18,144,0.6597222222222222,0.0625
137,0.02,18,3,153,180,28,155,0.6516129032258065,0.03225806451612903
138,0.02,18,3,153,168,15,143,0.6573426573426573,0.04195804195804196
139,0.02,18,3,158,172,14,141,0.6382978723404256,0.028368794326241134
140,0.02,18,3,154,167,13,141,0.7021276595744681,0.014184397163120567
141,0.02,18,3,152,172,20,148,0.6283783783783784,0.0472972972972973
142,0.02,18,3,157,182,25,153,0.6143790849673203,0.06535947712418301
143,0.02,18,3,156,179,24,151,0.6556291390728477,0.019867549668874173
144,0.02,18,3,153,174,21,149,0.6845637583892618,0.026845637583892617
145,0.02,18,3,153,166,13,141,0.6382978723404256,0.014184397163120567
146,0.02,18,3,152,165,14,137,0.6642335766423357,0.058394160583941604
147,0.02,18,3,154,179,26,153,0.6470588235294118,0.026143790849673203
148,0.02,18,3,153,170,17,145,0.6758620689655173,0.020689655172413793
149,0.02,18,3,154,176,22,150,0.6333333333333333,0.03333333333333333
150,0.02,18,3,153,175,22,150,0.6533333333333333,0.02666666666666667
151,0.02,18,3,156,178,23,150,0.6866666666666666,0.013333333333333334
152,0.02,18,3,159,176,18,145,0.6689655172413793,0.034482758620689655
153,0.02,18,3,153,168,16,143,0.6013986013986014,0.02097902097902098
154,0.02,18,3,154,171,17,145,0.6827586206896552,0.020689655172413793
155,0.02,18,3,153,177,25,152,0.6052631578947368,0.013157894736842105
156,0.02,18,3,154,171,18,145,0.6413793103448275,0.020689655172413793
157,0.02,18,3,164,184,21,148,0.6283783783783784,0.033783783783783786
158,0.02,18,3,162,178,16,144,0.6666666666666666,0.027777777777777776
159,0.02,18,3,154,180,26,154,0.6493506493506493,0.032467532467532464
160,0.02,18,3,154,174,20,148,0.6959459459459459,0.02702702702702703
161,0.02,18,3,154,170,18,144,0.6597222222222222,0.041666666666666664
162,0.02,18,3,155,170,15,143,0.6783216783216783,0.006993006993006993
163,0.02,18,3,168,181,14,141,0.6453900709219859,0.05673758865248227
164,0.02,18,3,155,173,18,146,0.6506849315068494,0.0410958904109589
165,0.02,18,3,155,172,17,145,0.6137931034482759,0.034482758620689655
166,0.02,18,3,159,178,20,147,0.6802721088435374,0.04081632653061224
167,0.02,18,3,155,178,24,151,0.6490066225165563,0.006622516556291391
168,0.02,18,3,155,174,19,147,0.673469387755102,0.006802721088435374
169,0.02,18,3,153,169,17,144,0.6458333333333334,0.006944444444444444
170,0.02,18,3,152,169,17,145,0.7103448275862069,0.034482758620689655
171,0.02,18,3,160,181,21,149,0.6711409395973155,0.053691275167785234
172,0.02,18,3,155,175,21,148,0.6554054054054054,0.02702702702702703
173,0.02,18,3,159,176,17,145,0.7241379310344828,0.027586206896551724
174,0.02,18,3,153,167,14,142,0.6267605633802817,0.028169014084507043
175,0.02,18,3,152,170,19,146,0.6506849315068494,0.03424657534246575
176,0.02,18,3,152,175,23,151,0.6556291390728477,0.039735099337748346
177,0.02,18,3,155,170,17,143,0.6713286713286714,0.04195804195804196
178,0.02,18,3,172,176,8,132,0.8181818181818182,0.007575757575757576
179,0.02,18,3,175,180,9,133,0.6165413533834586,0.03007518796992481
180,0.02,18,3,160,183,24,151,0.6821192052980133,0.013245033112582781
181,0.02,18,3,154,176,22,150,0.64,0.02666666666666667
182,0.02,18,3,158,172,14,142,0.676056338028169,0.04225352112676056
183,0.02,18,3,154,176,23,150,0.6533333333333333,0.013333333333333334
184,0.02,18,3,161,177,16,144,0.6805555555555556,0.034722222222222224
185,0.02,18,3,157,173,18,144,0.6875,0.04861111111111111
186,0.02,18,3,152,179,27,155,0.6258064516129033,0.03870967741935484
187,0.02,18,3,161,178,17,145,0.5724137931034483,0.020689655172413793
188,0.02,18,3,155,178,23,151,0.6490066225165563,0.052980132450331126
189,0.02,18,3,153,171,20,146,0.6301369863013698,0.0273972602739726
190,0.02,18,3,159,175,17,144,0.6805555555555556,0.020833333333333332
191,0.02,18,3,150,168,19,146,0.678082191780822,0.0273972602739726
192,0.02,18,3,155,171,16,143,0.6783216783216783,0.02097902097902098
193,0.02,18,3,154,168,15,142,0.6619718309859155,0.007042253521126761
194,0.02,18,3,158,180,22,150,0.64,0.04
195,0.02,18,3,152,168,18,144,0.6180555555555556,0.0625
196,0.02,18,3,163,180,17,145,0.696551724137931,0.027586206896551724
197,0.02,18,3,152,179,27,155,0.6709677419354839,0.03225806451612903
198,0.02,18,3,158,173,15,143,0.6223776223776224,0.013986013986013986
199,0.02,18,3,158,179,21,149,0.6308724832214765,0.04697986577181208
0,0.05,18,3,161,196,37,163,0.39263803680981596,0.06748466257668712
1,0.05,18,3,163,190,31,155,0.3419354838709677,0.05806451612903226
2,0.05,18,3,157,203,46,173,0.34104046242774566,0.10404624277456648
3,0.05,18,3,151,194,45,171,0.3333333333333333,0.04678362573099415
4,0.05,18,3,157,227,72,198,0.3383838383838384,0.045454545454545456
5,0.05,18,3,152,189,37,165,0.3575757575757576,0.05454545454545454
6,0.05,18,3,158,198,44,168,0.39880952380952384,0.02976190476190476
7,0.05,18,3,155,215,62,188,0.3404255319148936,0.0797872340425532
8,0.05,18,3,152,180,30,156,0.32051282051282054,0.08333333333333333
9,0.05,18,3,159,180,23,149,0.40268456375838924,0.08053691275167785
10,0.05,18,3,152,193,44,169,0.3609467455621302,0.029585798816568046
11,0.05,18,3,153,204,52,179,0.36312849162011174,0.03910614525139665
12,0.05,18,3,153,210,58,185,0.3081081081081081,0.10270270270270271
13,0.05,18,3,155,197,44,170,0.3588235294117647,0.052941176470588235
14,0.05,18,3,152,193,43,169,0.38461538461538464,0.08284023668639054
15,0.05,18,3,154,201,48,175,0.34285714285714286,0.06285714285714286
16,0.05,18,3,155,194,40,167,0.3473053892215569,0.0718562874251497
17,0.05,18,3,154,208,54,182,0.4065934065934066,0.03296703296703297
18,0.05,18,3,155,212,59,185,0.3837837837837838,0.032432432432432434
19,0.05,18,3,154,196,44,170,0.4294117647058823,0.052941176470588235
20,0.05,18,3,159,203,44,172,0.37790697674418605,0.046511627906976744
21,0.05,18,3,159,216,58,185,0.3567567567567568,0.032432432432432434
22,0.05,18,3,163,193,32,158,0.3860759493670886,0.08860759493670886
23,0.05,18,3,152,200,48,176,0.375,0.056818181818181816
24,0.05,18,3,155,201,47,174,0.3735632183908046,0.08045977011494253
25,0.05,18,3,152,209,58,185,0.32972972972972975,0.043243243243243246
26,0.05,18,3,153,206,55,181,0.34806629834254144,0.06077348066298342
27,0.05,18,3,156,211,56,183,0.3551912568306011,0.0546448087431694
28,0.05,18,3,151,203,53,180,0.3388888888888889,0.03888888888888889
29,0.05,18,3,153,203,50,178,0.3539325842696629,0.0449438202247191
30,0.05,18,3,154,198,46,172,0.38372093023255816,0.0872093023255814
31,0.05,18,3,152,201,50,177,0.3220338983050847,0.11864406779661017
32,0.05,18,3,161,191,33,158,0.3037974683544304,0.06962025316455696
33,0.05,18,3,155,184,31,157,0.4012738853503185,0.05732484076433121
34,0.05,18,3,158,218,61,188,0.4095744680851064,0.06382978723404255
35,0.05,18,3,157,216,61,187,0.3582887700534759,0.0855614973262032
36,0.05,18,3,155,202,47,175,0.3028571428571429,0.05714285714285714
37,0.05,18,3,154,204,54,178,0.3089887640449438,0.08426966292134831
38,0.05,18,3,154,201,48,175,0.37142857142857144,0.07428571428571429
39,0.05,18,3,173,198,27,152,0.45394736842105265,0.07236842105263158
40,0.05,18,3,158,203,47,173,0.37572254335260113,0.06358381502890173
41,0.05,18,3,162,193,33,159,0.39622641509433965,0.07547169811320754
42,0.05,18,3,157,206,49,177,0.3107344632768362,0.06779661016949153
43,0.05,18,3,154,210,56,184,0.33152173913043476,0.043478260869565216
44,0.05,18,3,151,203,53,180,0.35555555555555557,0.06666666666666667
45,0.05,18,3,153,199,47,174,0.3850574712643678,0.040229885057471264
46,0.05,18,3,157,196,40,167,0.3413173652694611,0.04790419161676647
47,0.05,18,3,153,219,66,194,0.3247422680412371,0.08762886597938144
48,0.05,18,3,155,185,36,158,0.34810126582278483,0.06329113924050633
49,0.05,18,3,158,212,54,182,0.3241758241758242,0.03296703296703297
50,0.05,18,3,156,205,51,177,0.3954802259887006,0.03954802259887006
51,0.05,18,3,153,202,50,177,0.3333333333333333,0.07344632768361582
52,0.05,18,3,158,188,33,158,0.34177215189873417,0.056962025316455694
53,0.05,18,3,159,200,41,169,0.3431952662721893,0.05917159763313609
54,0.05,18,3,154,210,57,184,0.33152173913043476,0.08695652173913043
55,0.05,18,3,164,208,45,172,0.4186046511627907,0.029069767441860465
56,0.05,18,3,150,188,39,166,0.3132530120481928,0.06626506024096386
57,0.05,18,3,156,193,38,165,0.32727272727272727,0.06060606060606061
58,0.05,18,3,155,190,40,163,0.4171779141104294,0.06748466257668712
59,0.05,18,3,152,193,41,169,0.38461538461538464,0.09467455621301775
60,0.05,18,3,160,195,39,163,0.3374233128834356,0.03680981595092025
61,0.05,18,3,154,199,46,173,0.37572254335260113,0.08092485549132948
62,0.05,18,3,167,200,36,161,0.4409937888198758,0.049689440993788817
63,0.05,18,3,152,206,58,182,0.3901098901098901,0.04945054945054945
64,0.05,18,3,154,211,60,185,0.3567567567567568,0.03783783783783784
65,0.05,18,3,157,218,61,189,0.2962962962962963,0.07407407407407407
66,0.05,18,3,158,188,33,158,0.33544303797468356,0.08227848101265822
67,0.05,18,3,154,215,61,189,0.2751322751322751,0.0582010582010582
68,0.05,18,3,161,191,30,158,0.34810126582278483,0.06329113924050633
69,0.05,18,3,154,203,51,177,0.3898305084745763,0.03389830508474576
70,0.05,18,3,151,210,59,186,0.3655913978494624,0.016129032258064516
71,0.05,18,3,160,197,42,165,0.4,0.05454545454545454
72,0.05,18,3,151,191,44,168,0.39285714285714285,0.05357142857142857
73,0.05,18,3,157,212,55,183,0.29508196721311475,0.07650273224043716
74,0.05,18,3,154,192,41,166,0.3433734939759036,0.05421686746987952
75,0.05,18,3,156,197,42,169,0.378698224852071,0.029585798816568046
76,0.05,18,3,152,193,42,169,0.33727810650887574,0.05917159763313609
77,0.05,18,3,156,218,63,190,0.34210526315789475,0.07368421052631578
78,0.05,18,3,152,209,57,185,0.32432432432432434,0.07027027027027027
79,0.05,18,3,155,193,39,166,0.3433734939759036,0.030120481927710843
80,0.05,18,3,154,218,66,192,0.3229166666666667,0.08854166666666667
81,0.05,18,3,152,195,48,171,0.3684210526315789,0.0935672514619883
82,0.05,18,3,153,191,45,166,0.3493975903614458,0.04216867469879518
83,0.05,18,3,155,207,54,180,0.35,0.044444444444444446
84,0.05,18,3,154,200,47,174,0.2988505747126437,0.06321839080459771
85,0.05,18,3,164,203,40,166,0.3373493975903614,0.0963855421686747
86,0.05,18,3,152,205,55,181,0.27624309392265195,0.06077348066298342
87,0.05,18,3,156,199,46,171,0.29239766081871343,0.06432748538011696
88,0.05,18,3,156,217,61,189,0.3544973544973545,0.06349206349206349
89,0.05,18,3,160,202,42,170,0.4588235294117647,0.06470588235294118
90,0.05,18,3,156,197,43,169,0.3254437869822485,0.0650887573964497
91,0.05,18,3,150,201,51,179,0.3854748603351955,0.061452513966480445
92,0.05,18,3,155,193,38,166,0.3795180722891566,0.030120481927710843
93,0.05,18,3,164,203,41,167,0.30538922155688625,0.05389221556886228
94,0.05,18,3,155,210,56,183,0.3770491803278688,0.04918032786885246
95,0.05,18,3,156,187,32,159,0.36477987421383645,0.06289308176100629
96,0.05,18,3,154,213,59,187,0.34759358288770054,0.08021390374331551
97,0.05,18,3,157,209,53,180,0.3111111111111111,0.05
98,0.05,18,3,153,197,46,172,0.3313953488372093,0.0755813953488372
99,0.05,18,3,154,206,54,180,0.36666666666666664,0.07222222222222222
100,0.05,18,3,161,205,45,172,0.31976744186046513,0.06976744186046512
101,0.05,18,3,152,194,43,170,0.34705882352941175,0.1
102,0.05,18,3,155,198,44,171,0.3684210526315789,0.10526315789473684
103,0.05,18,3,156,210,56,182,0.3021978021978022,0.054945054945054944
104,0.05,18,3,159,207,48,176,0.3409090909090909,0.06818181818181818
105,0.05,18,3,165,204,39,167,0.3652694610778443,0.0658682634730539
106,0.05,18,3,151,184,35,161,0.40372670807453415,0.055900621118012424
107,0.05,18,3,160,207,47,175,0.4342857142857143,0.04
108,0.05,18,3,153,208,55,183,0.3825136612021858,0.06557377049180328
109,0.05,18,3,155,196,42,169,0.40828402366863903,0.05325443786982249
110,0.05,18,3,156,197,41,169,0.3727810650887574,0.04142011834319527
111,0.05,18,3,160,204,47,172,0.3313953488372093,0.05232558139534884
112,0.05,18,3,160,200,43,168,0.4226190476190476,0.02976190476190476
113,0.05,18,3,152,204,52,180,0.37777777777777777,0.07222222222222222
114,0.05,18,3,160,208,51,176,0.3522727272727273,0.0625
115,0.05,18,3,152,206,55,182,0.3241758241758242,0.038461538461538464
116,0.05,18,3,159,212,54,180,0.35555555555555557,0.09444444444444444
117,0.05,18,3,167,228,64,189,0.30687830687830686,0.047619047619047616
118,0.05,18,3,153,190,38,165,0.4,0.05454545454545454
119,0.05,18,3,159,194,36,163,0.3006134969325153,0.10429447852760736
120,0.05,18,3,155,193,40,166,0.3795180722891566,0.04216867469879518
121,0.05,18,3,153,203,53,178,0.34831460674157305,0.06741573033707865
122,0.05,18,3,154,197,43,171,0.36257309941520466,0.07602339181286549
123,0.05,18,3,161,198,39,165,0.3878787878787879,0.06060606060606061
124,0.05,18,3,158,210,54,180,0.3111111111111111,0.10555555555555556
125,0.05,18,3,157,208,52,179,0.30726256983240224,0.0782122905027933
126,0.05,18,3,155,191,38,164,0.4329268292682927,0.08536585365853659
127,0.05,18,3,156,203,47,175,0.3314285714285714,0.06285714285714286
128,0.05,18,3,158,219,61,189,0.3915343915343915,0.06349206349206349
129,0.05,18,3,155,194,40,167,0.31736526946107785,0.07784431137724551
130,0.05,18,3,156,187,33,159,0.3584905660377358,0.05660377358490566
131,0.05,18,3,153,214,63,189,0.2962962962962963,0.06349206349206349
132,0.05,18,3,158,205,48,175,0.34285714285714286,0.06285714285714286
133,0.05,18,3,158,203,46,173,0.37572254335260113,0.06358381502890173
134,0.05,18,3,151,203,53,180,0.3611111111111111,0.1
135,0.05,18,3,157,194,39,165,0.3575757575757576,0.05454545454545454
136,0.05,18,3,157,198,44,169,0.35502958579881655,0.0650887573964497
137,0.05,18,3,153,217,66,192,0.3177083333333333,0.09895833333333333
138,0.05,18,3,153,194,42,169,0.33136094674556216,0.07692307692307693
139,0.05,18,3,158,197,39,166,0.3614457831325301,0.0783132530120482
140,0.05,18,3,154,183,31,157,0.40764331210191085,0.03821656050955414
141,0.05,18,3,152,189,39,165,0.3090909090909091,0.07272727272727272
142,0.05,18,3,157,200,45,171,0.34502923976608185,0.05847953216374269
143,0.05,18,3,156,216,62,188,0.3723404255319149,0.05851063829787234
144,0.05,18,3,153,212,59,187,0.3315508021390374,0.058823529411764705
145,0.05,18,3,153,185,34,160,0.34375,0.05625
146,0.05,18,3,152,186,37,158,0.35443037974683544,0.10759493670886076
147,0.05,18,3,154,210,57,184,0.3695652173913043,0.03804347826086957
148,0.05,18,3,153,195,43,170,0.3764705882352941,0.058823529411764705
149,0.05,18,3,154,200,50,174,0.3448275862068966,0.08045977011494253
150,0.05,18,3,153,200,48,175,0.3028571428571429,0.05714285714285714
151,0.05,18,3,156,197,42,169,0.4260355029585799,0.04142011834319527
152,0.05,18,3,159,197,40,166,0.42168674698795183,0.06626506024096386
153,0.05,18,3,153,198,46,173,0.3063583815028902,0.04046242774566474
154,0.05,18,3,154,195,44,169,0.3727810650887574,0.05917159763313609
155,0.05,18,3,153,204,52,179,0.3743016759776536,0.05027932960893855
156,0.05,18,3,154,201,48,175,0.38857142857142857,0.05714285714285714
157,0.05,18,3,164,203,41,167,0.3652694610778443,0.0658682634730539
158,0.05,18,3,162,196,36,162,0.4012345679012346,0.08024691358024691
159,0.05,18,3,154,224,71,198,0.30808080808080807,0.06060606060606061
160,0.05,18,3,154,202,48,176,0.39204545454545453,0.03409090909090909
161,0.05,18,3,154,197,45,171,0.4093567251461988,0.05263157894736842
162,0.05,18,3,155,189,35,162,0.35802469135802467,0.018518518518518517
163,0.05,18,3,168,211,44,171,0.3567251461988304,0.06432748538011696
164,0.05,18,3,155,188,37,161,0.35403726708074534,0.07453416149068323
165,0.05,18,3,155,189,36,162,0.37037037037037035,0.08024691358024691
166,0.05,18,3,159,213,54,182,0.32967032967032966,0.04945054945054945
167,0.05,18,3,155,209,55,182,0.3076923076923077,0.04395604395604396
168,0.05,18,3,155,198,43,171,0.3567251461988304,0.07017543859649122
169,0.05,18,3,153,190,40,165,0.30303030303030304,0.048484848484848485
170,0.05,18,3,152,196,45,172,0.3488372093023256,0.0755813953488372
171,0.05,18,3,160,208,48,176,0.3977272727272727,0.09659090909090909
172,0.05,18,3,155,200,47,173,0.3236994219653179,0.046242774566473986
173,0.05,18,3,159,190,33,159,0.44025157232704404,0.050314465408805034
174,0.05,18,3,153,187,35,162,0.3271604938271605,0.037037037037037035
175,0.05,18,3,152,198,48,174,0.3793103448275862,0.05172413793103448
176,0.05,18,3,152,206,54,182,0.34615384615384615,0.09340659340659341
177,0.05,18,3,155,201,48,174,0.3505747126436782,0.09770114942528736
178,0.05,18,3,172,192,25,148,0.4797297297297297,0.06756756756756757
179,0.05,18,3,175,191,22,144,0.3541666666666667,0.0625
180,0.05,18,3,160,210,53,178,0.3707865168539326,0.06741573033707865
181,0.05,18,3,154,201,49,175,0.33714285714285713,0.07428571428571429
182,0.05,18,3,158,202,44,172,0.36046511627906974,0.0755813953488372
183,0.05,18,3,154,207,55,181,0.3314917127071823,0.027624309392265192
184,0.05,18,3,161,199,39,166,0.3855421686746988,0.06626506024096386
185,0.05,18,3,157,191,38,162,0.4012345679012346,0.037037037037037035
186,0.05,18,3,152,213,61,189,0.31216931216931215,0.07407407407407407
187,0.05,18,3,161,214,55,181,0.2983425414364641,0.06629834254143646
188,0.05,18,3,155,209,54,182,0.34615384615384615,0.1043956043956044
189,0.05,18,3,153,209,59,184,0.29891304347826086,0.07608695652173914
190,0.05,18,3,159,203,45,172,0.38372093023255816,0.03488372093023256
191,0.05,18,3,150,204,55,182,0.34615384615384615,0.06593406593406594
192,0.05,18,3,155,197,42,169,0.33136094674556216,0.04142011834319527
193,0.05,18,3,154,180,28,154,0.3961038961038961,0.06493506493506493
194,0.05,18,3,158,209,51,179,0.329608938547486,0.08379888268156424
195,0.05,18,3,152,196,47,172,0.3081395348837209,0.06976744186046512
196,0.05,18,3,163,208,46,173,0.31213872832369943,0.06936416184971098
197,0.05,18,3,152,213,62,189,0.3386243386243386,0.0582010582010582
198,0.05,18,3,158,197,40,167,0.3532934131736527,0.04790419161676647
199,0.05,18,3,158,209,51,179,0.3575418994413408,0.11173184357541899
0,0.1,18,3,161,238,77,200,0.125,0.145
1,0.1,18,3,163,218,62,183,0.11475409836065574,0.07103825136612021
2,0.1,18,3,157,238,83,200,0.13,0.105
3,0.1,18,3,151,237,83,200,0.165,0.13
4,0.1,18,3,157,272,97,200,0.135,0.065
5,0.1,18,3,152,224,74,200,0.145,0.105
6,0.1,18,3,158,228,77,198,0.12121212121212122,0.08585858585858586
7,0.1,18,3,155,256,88,200,0.155,0.105
8,0.1,18,3,152,208,59,184,0.07608695652173914,0.09782608695652174
9,0.1,18,3,159,204,49,173,0.09826589595375723,0.12138728323699421
10,0.1,18,3,152,232,80,200,0.12,0.12
11,0.1,18,3,153,243,83,200,0.145,0.085
12,0.1,18,3,153,248,86,200,0.1,0.13
13,0.1,18,3,155,237,81,200,0.08,0.07
14,0.1,18,3,152,231,80,200,0.185,0.095
15,0.1,18,3,154,239,82,200,0.175,0.095
16,0.1,18,3,155,225,73,198,0.16666666666666666,0.08080808080808081
17,0.1,18,3,154,255,88,200,0.125,0.08
18,0.1,18,3,155,258,100,200,0.14,0.055
19,0.1,18,3,154,246,85,200,0.18,0.085
20,0.1,18,3,159,233,74,200,0.165,0.085
21,0.1,18,3,159,269,90,200,0.095,0.085
22,0.1,18,3,163,229,70,194,0.13402061855670103,0.1134020618556701
23,0.1,18,3,152,231,78,200,0.175,0.065
24,0.1,18,3,155,248,84,200,0.125,0.095
25,0.1,18,3,152,255,92,200,0.135,0.11
26,0.1,18,3,153,244,89,200,0.145,0.1
27,0.1,18,3,156,247,85,200,0.12,0.13
28,0.1,18,3,151,249,90,200,0.12,0.105
29,0.1,18,3,153,244,83,200,0.105,0.05
30,0.1,18,3,154,233,79,200,0.105,0.11
31,0.1,18,3,152,232,80,200,0.12,0.095
32,0.1,18,3,161,220,67,187,0.0855614973262032,0.0855614973262032
33,0.1,18,3,155,210,59,183,0.18032786885245902,0.06557377049180328
34,0.1,18,3,158,268,91,200,0.16,0.085
35,0.1,18,3,157,266,94,200,0.16,0.135
36,0.1,18,3,155,241,83,200,0.125,0.105
37,0.1,18,3,154,241,87,200,0.13,0.115
38,0.1,18,3,154,241,83,200,0.14,0.07
39,0.1,18,3,173,218,52,172,0.11627906976744186,0.10465116279069768
40,0.1,18,3,158,247,81,200,0.15,0.075
41,0.1,18,3,162,231,72,197,0.12690355329949238,0.08121827411167512
42,0.1,18,3,157,249,83,200,0.115,0.08
43,0.1,18,3,154,261,94,200,0.12,0.07
44,0.1,18,3,151,249,84,200,0.175,0.11
45,0.1,18,3,153,243,84,200,0.17,0.1
46,0.1,18,3,157,224,70,195,0.12307692307692308,0.1282051282051282
47,0.1,18,3,153,268,94,200,0.12,0.135
48,0.1,18,3,155,211,63,184,0.14673913043478262,0.09239130434782608
49,0.1,18,3,158,266,90,200,0.11,0.065
50,0.1,18,3,156,245,83,200,0.15,0.06
51,0.1,18,3,153,240,81,200,0.1,0.125
52,0.1,18,3,158,220,65,190,0.17894736842105263,0.06842105263157895
53,0.1,18,3,159,233,75,200,0.17,0.11
54,0.1,18,3,154,246,83,200,0.12,0.09
55,0.1,18,3,164,246,87,200,0.185,0.055
56,0.1,18,3,150,222,74,200,0.135,0.125
57,0.1,18,3,156,217,66,189,0.1111111111111111,0.10052910052910052
58,0.1,18,3,155,215,68,188,0.14893617021276595,0.09042553191489362
59,0.1,18,3,152,226,73,200,0.145,0.09
60,0.1,18,3,160,232,80,200,0.12,0.075
61,0.1,18,3,154,238,83,200,0.18,0.05
62,0.1,18,3,167,223,61,184,0.10869565217391304,0.059782608695652176
63,0.1,18,3,152,249,92,200,0.115,0.11
64,0.1,18,3,154,258,93,200,0.14,0.05
65,0.1,18,3,157,264,88,200,0.14,0.14
66,0.1,18,3,158,219,67,189,0.08994708994708994,0.12169312169312169
67,0.1,18,3,154,261,89,200,0.095,0.08
68,0.1,18,3,161,219,63,186,0.14516129032258066,0.0913978494623656
69,0.1,18,3,154,255,94,200,0.145,0.085
70,0.1,18,3,151,270,96,200,0.105,0.105
71,0.1,18,3,160,235,79,200,0.085,0.065
72,0.1,18,3,151,226,79,200,0.165,0.06
73,0.1,18,3,157,255,94,200,0.105,0.115
74,0.1,18,3,154,223,72,197,0.16751269035532995,0.08121827411167512
75,0.1,18,3,156,237,78,200,0.1,0.095
76,0.1,18,3,152,223,74,199,0.1507537688442211,0.09045226130653267
77,0.1,18,3,156,267,94,200,0.09,0.11
78,0.1,18,3,152,253,92,200,0.125,0.085
79,0.1,18,3,155,211,61,184,0.15217391304347827,0.08152173913043478
80,0.1,18,3,154,264,93,200,0.14,0.12
81,0.1,18,3,152,236,86,200,0.12,0.095
82,0.1,18,3,153,238,86,200,0.13,0.07
83,0.1,18,3,155,248,88,200,0.12,0.065
84,0.1,18,3,154,240,80,200,0.13,0.08
85,0.1,18,3,164,237,77,200,0.105,0.11
86,0.1,18,3,152,241,90,200,0.095,0.105
87,0.1,18,3,156,240,88,200,0.08,0.1
88,0.1,18,3,156,277,94,200,0.13,0.095
89,0.1,18,3,160,239,78,200,0.155,0.105
90,0.1,18,3,156,238,80,200,0.13,0.075
91,0.1,18,3,150,246,88,200,0.17,0.09
92,0.1,18,3,155,219,64,192,0.14583333333333334,0.057291666666666664
93,0.1,18,3,164,242,79,200,0.125,0.085
94,0.1,18,3,155,260,89,200,0.155,0.11
95,0.1,18,3,156,217,65,189,0.12169312169312169,0.0582010582010582
96,0.1,18,3,154,259,96,200,0.15,0.08
97,0.1,18,3,157,247,85,200,0.13,0.07
98,0.1,18,3,153,229,81,200,0.135,0.095
99,0.1,18,3,154,245,83,200,0.12,0.09
100,0.1,18,3,161,241,78,200,0.09,0.095
101,0.1,18,3,152,232,80,200,0.175,0.11
102,0.1,18,3,155,232,75,200,0.145,0.105
103,0.1,18,3,156,246,83,200,0.12,0.135
104,0.1,18,3,159,254,89,200,0.11,0.095
105,0.1,18,3,165,238,73,200,0.12,0.06
106,0.1,18,3,151,210,64,187,0.10695187165775401,0.11764705882352941
107,0.1,18,3,160,253,85,200,0.205,0.09
108,0.1,18,3,153,250,88,200,0.11,0.1
109,0.1,18,3,155,220,73,193,0.17098445595854922,0.07772020725388601
110,0.1,18,3,156,230,73,200,0.145,0.08
111,0.1,18,3,160,247,86,200,0.1,0.055
112,0.1,18,3,160,233,78,200,0.18,0.09
113,0.1,18,3,152,244,83,200,0.16,0.105
114,0.1,18,3,160,253,91,200,0.115,0.085
115,0.1,18,3,152,255,87,200,0.17,0.09
116,0.1,18,3,159,256,86,200,0.155,0.095
117,0.1,18,3,167,278,98,200,0.105,0.08
118,0.1,18,3,153,226,75,200,0.185,0.08
119,0.1,18,3,159,229,71,198,0.13636363636363635,0.08585858585858586
120,0.1,18,3,155,227,75,200,0.14,0.085
121,0.1,18,3,153,250,85,200,0.19,0.11
122,0.1,18,3,154,244,87,200,0.15,0.11
123,0.1,18,3,161,226,68,193,0.10880829015544041,0.06217616580310881
124,0.1,18,3,158,251,83,200,0.115,0.105
125,0.1,18,3,157,253,84,200,0.14,0.14
126,0.1,18,3,155,235,76,200,0.175,0.125
127,0.1,18,3,156,245,81,200,0.11,0.13
128,0.1,18,3,158,261,88,200,0.14,0.07
129,0.1,18,3,155,233,78,200,0.135,0.1
130,0.1,18,3,156,214,61,186,0.13440860215053763,0.08602150537634409
131,0.1,18,3,153,271,99,200,0.1,0.105
132,0.1,18,3,158,236,77,200,0.1,0.08
133,0.1,18,3,158,231,77,200,0.115,0.095
134,0.1,18,3,151,249,84,200,0.155,0.085
135,0.1,18,3,157,226,72,197,0.12690355329949238,0.050761421319796954
136,0.1,18,3,157,237,80,200,0.095,0.11
137,0.1,18,3,153,259,92,200,0.13,0.095
138,0.1,18,3,153,235,82,200,0.05,0.1
139,0.1,18,3,158,226,72,195,0.1282051282051282,0.06666666666666667
140,0.1,18,3,154,204,54,178,0.17415730337078653,0.07303370786516854
141,0.1,18,3,152,228,79,200,0.105,0.14
142,0.1,18,3,157,230,76,200,0.095,0.12
143,0.1,18,3,156,262,98,200,0.17,0.06
144,0.1,18,3,153,254,92,200,0.14,0.085
145,0.1,18,3,153,205,56,180,0.13333333333333333,0.1
146,0.1,18,3,152,218,71,190,0.09473684210526316,0.14736842105263157
147,0.1,18,3,154,262,91,200,0.135,0.095
148,0.1,18,3,153,228,77,200,0.095,0.07
149,0.1,18,3,154,237,84,200,0.12,0.06
150,0.1,18,3,153,235,81,200,0.12,0.105
151,0.1,18,3,156,237,79,200,0.155,0.055
152,0.1,18,3,159,223,69,192,0.16145833333333334,0.09375
153,0.1,18,3,153,242,86,200,0.12,0.09
154,0.1,18,3,154,233,80,200,0.115,0.105
155,0.1,18,3,153,258,93,200,0.115,0.09
156,0.1,18,3,154,232,77,200,0.2,0.08
157,0.1,18,3,164,240,78,200,0.165,0.125
158,0.1,18,3,162,228,70,194,0.14948453608247422,0.08762886597938144
159,0.1,18,3,154,280,100,200,0.075,0.105
160,0.1,18,3,154,238,78,200,0.155,0.045
161,0.1,18,3,154,242,81,200,0.155,0.115
162,0.1,18,3,155,207,55,180,0.17222222222222222,0.06111111111111111
163,0.1,18,3,168,256,88,200,0.08,0.09
164,0.1,18,3,155,228,78,200,0.08,0.1
165,0.1,18,3,155,211,61,184,0.14673913043478262,0.07065217391304347
166,0.1,18,3,159,245,81,200,0.165,0.07
167,0.1,18,3,155,246,86,200,0.08,0.06
168,0.1,18,3,155,228,75,200,0.15,0.075
169,0.1,18,3,153,213,65,188,0.10638297872340426,0.0425531914893617
170,0.1,18,3,152,227,77,200,0.165,0.1
171,0.1,18,3,160,238,76,200,0.17,0.125
172,0.1,18,3,155,248,88,200,0.125,0.09
173,0.1,18,3,159,206,51,175,0.22857142857142856,0.05142857142857143
174,0.1,18,3,153,221,73,196,0.10204081632653061,0.08163265306122448
175,0.1,18,3,152,233,80,200,0.13,0.08
176,0.1,18,3,152,243,86,200,0.185,0.105
177,0.1,18,3,155,246,82,200,0.11,0.125
178,0.1,18,3,172,211,45,167,0.10778443113772455,0.08383233532934131
179,0.1,18,3,175,204,37,157,0.17197452229299362,0.06369426751592357
180,0.1,18,3,160,248,79,200,0.125,0.09
181,0.1,18,3,154,247,86,200,0.12,0.095
182,0.1,18,3,158,232,74,200,0.16,0.135
183,0.1,18,3,154,262,93,200,0.095,0.075
184,0.1,18,3,161,232,74,199,0.12060301507537688,0.10050251256281408
185,0.1,18,3,157,224,71,195,0.13333333333333333,0.05641025641025641
186,0.1,18,3,152,262,98,200,0.1,0.145
187,0.1,18,3,161,241,83,200,0.145,0.09
188,0.1,18,3,155,240,80,200,0.19,0.12
189,0.1,18,3,153,250,92,200,0.115,0.095
190,0.1,18,3,159,235,78,200,0.13,0.1
191,0.1,18,3,150,243,85,200,0.14,0.095
192,0.1,18,3,155,230,76,200,0.11,0.06
193,0.1,18,3,154,210,58,184,0.10326086956521739,0.13043478260869565
194,0.1,18,3,158,245,80,200,0.16,0.095
195,0.1,18,3,152,228,81,200,0.135,0.075
196,0.1,18,3,163,246,81,200,0.13,0.095
197,0.1,18,3,152,253,92,200,0.13,0.105
198,0.1,18,3,158,236,84,200,0.15,0.09
199,0.1,18,3,158,241,81,200,0.145,0.1
